step	acc_test
0	0.15966386554621848
1	0.08333333333333333
2	0.3389830508474576
3	0.15023474178403756
4	0.2773109243697479
5	0.23728813559322035
6	0.23076923076923078
7	0.3050847457627119
8	0.28695652173913044
9	0.175
10	0.18333333333333332
11	0.1694915254237288
12	0.2796610169491525
13	0.1987179487179487
14	0.0
15	0.26666666666666666
