step	acc_valid
0	0.6952380952380952
1	0.7815126050420168
2	0.5833333333333334
3	0.8220338983050848
4	0.6713615023474179
5	0.7899159663865546
6	0.7457627118644068
7	0.7008547008547008
8	0.7627118644067796
9	0.7043478260869566
10	0.6666666666666666
11	0.7583333333333333
12	0.6610169491525424
13	0.8220338983050848
14	0.6474358974358975
15	0.20512820512820512
