step	acc_valid
0	0.3333333333333333
1	0.20168067226890757
2	0.15833333333333333
3	0.2457627118644068
4	0.13615023474178403
5	0.23529411764705882
6	0.23728813559322035
7	0.19658119658119658
8	0.2966101694915254
9	0.28695652173913044
10	0.2
11	0.15833333333333333
12	0.16101694915254236
13	0.3050847457627119
14	0.2692307692307692
15	0.0
