step	acc_test
0	0.7899159663865546
1	0.5083333333333333
2	0.8389830508474576
3	0.7183098591549296
4	0.7983193277310925
5	0.7627118644067796
6	0.6666666666666666
7	0.8135593220338984
8	0.7217391304347827
9	0.6166666666666667
10	0.7
11	0.7542372881355932
12	0.7457627118644068
13	0.6923076923076923
14	0.07692307692307693
15	0.638095238095238
