step	mcc_valid
0	0.6689817224362639
1	0.7653432887410527
2	0.544103204264633
3	0.8019217259954443
4	0.6445200020574493
5	0.7694941230785085
6	0.7194715181389375
7	0.6729255945714399
8	0.7355055104105043
9	0.6759020395090162
10	0.6369376331688146
11	0.7354342705679522
12	0.6290795093967921
13	0.8030595992839916
14	0.6278190707112171
15	0.28022182908079746
