step	mcc_test
0	0.7691772177488865
1	0.4720754523381225
2	0.8213157094006662
3	0.6940394819453735
4	0.7805904855682971
5	0.7359307383856214
6	0.6351659587879325
7	0.7931749394105163
8	0.6974148816927261
9	0.5787674868199351
10	0.6729588883107318
11	0.7319577198188549
12	0.7215831876377583
13	0.6743245392895415
14	0.09631116027667291
15	0.6054113343914865
