step	mcc_test
0	0.10868899598396706
1	0.054454100819432236
2	0.28878558536402354
3	0.11351893158313273
4	0.22570813156554032
5	0.19117097126323215
6	0.17873517576636083
7	0.2380810711731539
8	0.2397251120837717
9	0.11516734170904153
10	0.1309242429843336
11	0.08114482911044668
12	0.22358722871924042
13	0.15283127137593996
14	-0.01337550495462986
15	0.21093476787725915
