step	mcc_valid
0	0.2937243129085248
1	0.14520053584558493
2	0.10179965048635316
3	0.19756719510148432
4	0.10285056954328414
5	0.19438326105812914
6	0.1853921496014294
7	0.14371971070270623
8	0.24230572235390363
9	0.2553373442378721
10	0.15783786335421474
11	0.09922658121042462
12	0.09379757072723707
13	0.2520241329030887
14	0.2251473930575721
15	-0.021636866007794023
