{
    "best_iteration": 83.0,
    "model_size": 4.57763671875e-05,
    "ari": 0.38749487399041077,
    "ami": 0.4963859526637866,
    "nbe": 0.36977944247230476,
    "acc_train": 1.0,
    "acc_valid": 0.20512820512820512,
    "acc_test": 0.638095238095238,
    "mcc_train": 1.0,
    "mcc_valid": 0.28022182908079746,
    "mcc_test": 0.6054113343914865,
    "step": 15
}
