{
    "best_iteration": 0.0,
    "model_size": 4.57763671875e-05,
    "ari": 0.5437917191489978,
    "ami": 0.666185481022638,
    "nbe": 0.5158668933748172,
    "acc_train": 0.7115707098937955,
    "acc_valid": 0.0,
    "acc_test": 0.26666666666666666,
    "mcc_train": 0.6921770067305913,
    "mcc_valid": -0.021636866007794023,
    "mcc_test": 0.21093476787725915,
    "step": 15
}
